country,location,timestamp
IN,"Delhi, India",2026-01-27T16:05:58.565Z
IN,"India",2026-01-28T11:41:25.388Z
IN,"AIHP Executive Center, Institutional Area, Sector 32, Gurugram, Haryana, India",2026-01-28T12:11:18.730Z
IN,"Ahmedabad, Gujarat, India",2026-01-28T13:27:52.319Z
IN,"Ahmedabad, Gujarat, India",2026-01-28T13:27:57.209Z
IN,"Ahmedabad, Gujarat, India",2026-01-28T13:28:38.242Z
IN,"Ahmedabad, Gujarat, India",2026-01-28T13:28:39.209Z
IN,"Ahmedabad, Gujarat, India",2026-01-28T13:29:08.558Z
IN,"Ahmedabad, Gujarat, India",2026-01-28T13:29:34.338Z
IN,"Ahmedabad, Gujarat, India",2026-01-28T13:29:38.836Z
